ÁREA,DEPARTAMENTO,CATEGORIA
VIDRIOS Y ESPEJOS,VIDRIO Y ESPEJO,VIDRIO CLARO
VIDRIOS Y ESPEJOS,VIDRIO Y ESPEJO,VIDRIO BRONCE
VIDRIOS Y ESPEJOS,VIDRIO Y ESPEJO,VIDRIO GRIS
VIDRIOS Y ESPEJOS,VIDRIO Y ESPEJO,VIDRIO REFLECTIVO BRONCE
VIDRIOS Y ESPEJOS,VIDRIO Y ESPEJO,VIDRIO REFLECTIVO GRIS
VIDRIOS Y ESPEJOS,VIDRIO Y ESPEJO,VIDRIO REFLECTIVO VERDE
VIDRIOS Y ESPEJOS,VIDRIO Y ESPEJO,VIDRIO REFLECTIVO AZUL
VIDRIOS Y ESPEJOS,VIDRIO Y ESPEJO,VIDRIO SATINADO
VIDRIOS Y ESPEJOS,VIDRIO Y ESPEJO,VIDRIO ANTIRREFLECTIVO
VIDRIOS Y ESPEJOS,VIDRIO Y ESPEJO,VIDRIO ESMERILADO
VIDRIOS Y ESPEJOS,VIDRIO Y ESPEJO,VIDRIO EXTRA-CLARO
VIDRIOS Y ESPEJOS,VIDRIO Y ESPEJO,VIDRIO LAMINADO CLARO
VIDRIOS Y ESPEJOS,VIDRIO Y ESPEJO,VIDRIO LAMINADO BRONCE
VIDRIOS Y ESPEJOS,VIDRIO Y ESPEJO,VIDRIO LAMINADO GRIS
VIDRIOS Y ESPEJOS,VIDRIO Y ESPEJO,VIDRIO LAMINADO COLOR
VIDRIOS Y ESPEJOS,VIDRIO Y ESPEJO,VIDRIO LAMINADO ACUSTICO
VIDRIOS Y ESPEJOS,VIDRIO Y ESPEJO,VIDRIO CURVO CLARO
VIDRIOS Y ESPEJOS,VIDRIO Y ESPEJO,VIDRIO CURVO COLOR
VIDRIOS Y ESPEJOS,VIDRIO Y ESPEJO,VIDRIO CURVO LAMINADO
VIDRIOS Y ESPEJOS,VIDRIO Y ESPEJO,VIDRIO TEMPLADO CLARO
VIDRIOS Y ESPEJOS,VIDRIO Y ESPEJO,VIDRIO TEMPLADO COLOR
VIDRIOS Y ESPEJOS,VIDRIO Y ESPEJO,VIDRIO TEMPLADO REFLECTIVO
VIDRIOS Y ESPEJOS,VIDRIO Y ESPEJO,VIDRIO ESMALTADO SERIGRAFIADO
VIDRIOS Y ESPEJOS,VIDRIO Y ESPEJO,VIDRIO IMPRESO
VIDRIOS Y ESPEJOS,VIDRIO Y ESPEJO,BLOCK DE VIDRIO
VIDRIOS Y ESPEJOS,ESPEJOS,ESPEJO PLATA
VIDRIOS Y ESPEJOS,ESPEJOS,ESPEJO BRONCE
VIDRIOS Y ESPEJOS,ESPEJOS,ESPEJO GRIS
VIDRIOS Y ESPEJOS,ESPEJOS,ESPEJO COLOR
VIDRIOS Y ESPEJOS,ESPEJOS,ESPEJO SEGURIDAD LAMINADO
VIDRIOS Y ESPEJOS,ESPEJOS,ESPEJO BISELADO
VIDRIOS Y ESPEJOS,ESPEJOS,ESPEJO FORMADO Y DECORATIVO
LAMINAS Y PERFILERIA ESTANDAR,LAMINAS DE ALUMINIO,LAMINAS LISAS ALUCOBOND
LAMINAS Y PERFILERIA ESTANDAR,LAMINAS DE ALUMINIO,LAMINAS COMPOSITES ACP
LAMINAS Y PERFILERIA ESTANDAR,LAMINAS DE ALUMINIO,BOBINA DE ALUMINIO
LAMINAS Y PERFILERIA ESTANDAR,PERFILERIA ESTANDAR,PERFIL TUBULAR ESTANDAR
LAMINAS Y PERFILERIA ESTANDAR,PERFILERIA ESTANDAR,PERFIL ANGULO ESTANDAR
LAMINAS Y PERFILERIA ESTANDAR,PERFILERIA ESTANDAR,PERFIL PLATINA ESTANDAR
LAMINAS Y PERFILERIA ESTANDAR,PERFILERIA ESTANDAR,PERFIL T Y U ESTANDAR
LAMINAS Y PERFILERIA ESTANDAR,PERFILERIA ESTANDAR,PERFIL BARRAS MACIZAS
LAMINAS Y PERFILERIA ESTANDAR,POLICARBONATO Y ACRILICO,POLICARBONATO ALVEOLAR
LAMINAS Y PERFILERIA ESTANDAR,POLICARBONATO Y ACRILICO,POLICARBONATO COMPACTO
LAMINAS Y PERFILERIA ESTANDAR,POLICARBONATO Y ACRILICO,ACRILICO CAST Y EXTRUIDO
LAMINAS Y PERFILERIA ESTANDAR,POLICARBONATO Y ACRILICO,PERFILERIA Y ACCESORIOS POLICARBONATO
VENTANAS,VENTANAS Y PUERTAS PANORAMICAS,VENTANA Y PUERTA PANORAMICA
VENTANAS,VENTANAS Y PUERTAS PANORAMICAS,VENTANA Y PUERTA CARONI
VENTANAS,VENTANAS Y PUERTAS PANORAMICAS,VENTANA BELGLASS
VENTANAS,VENTANAS Y PUERTAS PANORAMICAS,VENTANA VISTAGLASS
VENTANAS,VENTANAS Y PUERTAS PANORAMICAS,VENTANA Y PUERTA CORREDERA SERIE 1000
VENTANAS,VENTANAS Y PUERTAS PANORAMICAS,VENTANA Y PUERTA CORREDERA SERIE 2000
VENTANAS,VENTANAS Y PUERTAS PANORAMICAS,VENTANA PROYECTANTE Y BASCULANTE
VENTANAS,VENTANAS Y PUERTAS PANORAMICAS,VENTANA FIJA
PUERTAS, DIVISIONES Y BARANDAS,PUERTAS,PUERTA ABATIBLE
PUERTAS, DIVISIONES Y BARANDAS,PUERTAS,PUERTA CORREDIZA
PUERTAS, DIVISIONES Y BARANDAS,PUERTAS,PUERTA VAIVEN
PUERTAS, DIVISIONES Y BARANDAS,PUERTAS,PUERTA PLEGADIZA
PUERTAS, DIVISIONES Y BARANDAS,DIVISIONES DE BAÑO,DIVISION BAÑO ACRILICO
PUERTAS, DIVISIONES Y BARANDAS,DIVISIONES DE BAÑO,DIVISION BAÑO VIDRIO TEMPLADO
PUERTAS, DIVISIONES Y BARANDAS,BARANDAS Y PASAMANOS,BARANDAS DE ACERO INOXIDABLE Y VIDRIO
PUERTAS, DIVISIONES Y BARANDAS,BARANDAS Y PASAMANOS,PASAMANOS Y ACCESORIOS BARANDA
PROTECCION SOLAR,PROTECCION SOLAR,TOLDOS EN LONA Y ACRILICO
PROTECCION SOLAR,PROTECCION SOLAR,PERSIANAS VERTICALES Y HORIZONTALES
PROTECCION SOLAR,PROTECCION SOLAR,CORTINAS ROLLER Y ZEBRA
PROTECCION SOLAR,PROTECCION SOLAR,PELICULAS DE CONTROL SOLAR
INSUMOS Y FERRETERIA,ACCESORIOS Y HERRAJES,ACCESORIOS PARA VIDRIO TEMPLADO
INSUMOS Y FERRETERIA,ACCESORIOS Y HERRAJES,CERRADURAS Y PISADORAS
INSUMOS Y FERRETERIA,ACCESORIOS Y HERRAJES,MANILLARES Y TIRADORES
INSUMOS Y FERRETERIA,ACCESORIOS Y HERRAJES,EMPAQUES Y SILICONES
INSUMOS Y FERRETERIA,HERRAMIENTAS,HERRAMIENTAS HOTECHE
INSUMOS Y FERRETERIA,HERRAMIENTAS,HERRAMIENTAS HARDEN
INSUMOS Y FERRETERIA,IMPULSO,TORNILLOS Y RAMPLUGS
INSUMOS Y FERRETERIA,IMPULSO,REMACHES
INSUMOS Y FERRETERIA,IMPULSO,REGATONES
INSUMOS Y FERRETERIA,IMPULSO,MECHAS Y PUNTAS
INSUMOS Y FERRETERIA,IMPULSO,SILICONES DE IMPULSO
INSUMOS Y FERRETERIA,IMPULSO,SPRAY
DRYWALL Y MUEBLERIA,LAMINAS,DRYWALL
DRYWALL Y MUEBLERIA,CARPINTERIA,VITRINA PARA MUEBLES
PUERTAS, DIVISIONES Y BARANDAS,DIVISIONES DE AMBIENTE,PANO FIJO
LAMINAS Y PERFILERIA ESTANDAR,LAMINAS,LAMINAS DE POLICARBONATO
PUERTAS, DIVISIONES Y BARANDAS,PUERTAS DE BAÑO,PUERTA DE DUCHA BATIENTE
PUERTAS, DIVISIONES Y BARANDAS,PUERTAS DE BAÑO,TABIQUE DE BAÑOS MACHIMBRADO
PUERTAS, DIVISIONES Y BARANDAS,PUERTAS DE BAÑO,PUERTA DE BAÑO TEMPLEX
PUERTAS, DIVISIONES Y BARANDAS,PUERTAS DE BAÑO,PUERTA DE BAÑO ACRILICO
OTROS,VARIOS,#N/D
INSUMOS Y FERRETERIA,FERRETERIA,CONSUMIBLES PARA FABRICACION
OTROS,VARIOS,MANTENIMIENTO DE INFRAESTRUCTURA
OTROS,VARIOS,CATALOGOS
