DEPARTAMENTO;CATEGORIA;PORCENTAJE;SUCURSAL;AÑO
VENTANAS Y PUERTAS CORREDIZAS;VENTANA Y PUERTA PANORAMICA;10,05%;CATIA;2026
VENTANAS Y PUERTAS CORREDIZAS;VENTANA Y PUERTA CARONI;4,37%;CATIA;2026
VENTANAS Y PUERTAS CORREDIZAS;VENTANA BELGLASS;0,55%;CATIA;2026
VENTANAS Y PUERTAS CORREDIZAS;VENTANA VISTAGLASS;0,79%;CATIA;2026
VENTANAS Y PUERTAS CORREDIZAS;VENTANA Y PUERTA CORREDERA SERIE 1000;1,22%;CATIA;2026
VENTANAS Y PUERTAS CORREDIZAS;PUERTA DE VITRINA;0,54%;CATIA;2026
VENTANAS Y PUERTAS CORREDIZAS;VENTANA ECOBEL;0,26%;CATIA;2026
VENTANAS Y PUERTAS CORREDIZAS;VENTANA Y PUERTA AMPLITUD;0,05%;CATIA;2026
VENTANAS ABATIBLES;VENTANA PROYECTANTE COMERCIAL;0,24%;CATIA;2026
VENTANAS ABATIBLES;VENTANA PROYECTANTE LONDON;0,33%;CATIA;2026
VENTANAS ABATIBLES;VENTANA PIVOTANTE;0,20%;CATIA;2026
VENTANAS ABATIBLES;PIVOTANTE;0,00%;CATIA;2026
DIVISIONES DE AMBIENTE;PAÑO FIJO;3,09%;CATIA;2026
DIVISIONES DE AMBIENTE;ROMANILLA;0,34%;CATIA;2026
DIVISIONES DE AMBIENTE;ROMANILLAS;0,00%;CATIA;2026
DIVISIONES DE AMBIENTE;CURTAIN WALL JUNTA POSITIVA Y JUNTA NEGATIVA;0,19%;CATIA;2026
PERFILES ESTANDAR;ANGULOS Y PLETINAS;7,36%;CATIA;2026
PERFILES ESTANDAR;TUBOS RECTANGULARES UES TES Y REMATES;8,45%;CATIA;2026
PERFILES ESTANDAR;TUBOS CUADRADOS Y REDONDOS;3,64%;CATIA;2026
PRODUCTOS ESTANDAR;VENTANAS ECO;0,21%;CATIA;2026
PRODUCTOS ESTANDAR;ESPEJOS ECO;1,39%;CATIA;2026
PRODUCTOS ESTANDAR;PUERTAS DE DUCHA ECO;0,21%;CATIA;2026
PRODUCTOS ESTANDAR;PUERTAS ECO;0,07%;CATIA;2026
PRODUCTOS ESTANDAR;PERSIANAS ECO;0,33%;CATIA;2026
PRODUCTOS ESTANDAR;TOLDO ECO;0,06%;CATIA;2026
PUERTAS EXTERIORES;PUERTA BATIENTE ENMARCADA;0,90%;CATIA;2026
PUERTAS EXTERIORES;PUERTA BANCARIA TIPO P;1,11%;CATIA;2026
PUERTAS EXTERIORES;VENTANA Y PUERTA SANARE;0,00%;CATIA;2026
PUERTAS INTERIORES;SISTEMA PUERTA TODOVISION;0,17%;CATIA;2026
PUERTAS INTERIORES;SISTEMA PUERTA PLEGABLE;0,52%;CATIA;2026
PUERTAS INTERIORES;PLEGABLE;0,00%;CATIA;2026
PUERTAS INTERIORES;SISTEMA PUERTA TODOVISION SUPERFICIAL;0,05%;CATIA;2026
PUERTAS INTERIORES;SISTEMA PUERTA MINI EURO PIVOT;0,03%;CATIA;2026
PUERTAS INTERIORES;SISTEMA PUERTA EURO PIVOT;0,02%;CATIA;2026
BARANDAS;BARANDA BASTONES A PRESION;0,24%;CATIA;2026
BARANDAS;BARANDA SEPARADORES;0,14%;CATIA;2026
BARANDAS;BARANDA INOX;0,02%;CATIA;2026
BARANDAS;BARANDA ZOCALO;0,25%;CATIA;2026
BARANDAS;BARANDA BASTONES PERFORACION;0,02%;CATIA;2026
PUERTAS DE BAÑO;PUERTA DE DUCHA  BATIENTE;0,80%;CATIA;2026
PUERTAS DE BAÑO;TABIQUE DE BAÑOS MACHIMBRADO;0,63%;CATIA;2026
PUERTAS DE BAÑO;PUERTA DE BAÑO TEMPLEX;0,50%;CATIA;2026
PUERTAS DE BAÑO;PUERTA DE BAÑO ACRILICO;0,32%;CATIA;2026
PUERTAS DE BAÑO;PUERTA DE DUCHA SLIDER TUBO RECTANGULAR;0,48%;CATIA;2026
PUERTAS DE BAÑO;PUERTA SLIDER TUBO REDONDO;0,21%;CATIA;2026
PUERTAS DE BAÑO;PUERTA DE DUCHA SLIDER TUBO RECTANGULAR PLUS;0,08%;CATIA;2026
VIDRIOS;VIDRIO MONOLITICO;16,90%;CATIA;2026
VIDRIOS;VIDRIO LAMINADO Y ESPECIALES;1,67%;CATIA;2026
SIL Y SELL;SILICONES Y SELLADORES SIMBI;2,78%;CATIA;2026
HERRAMIENTAS;HERRAMIENTAS HOTECHE;0,36%;CATIA;2026
HERRAMIENTAS;HERRAMIENTAS HARDEN;0,08%;CATIA;2026
HERRAMIENTAS;HERRAMIENTAS;0,02%;CATIA;2026
IMPULSO;TORNILLOS Y RAMPLUGS;0,70%;CATIA;2026
IMPULSO;REMACHES;0,11%;CATIA;2026
IMPULSO;MECHAS Y PUNTAS;0,18%;CATIA;2026
IMPULSO;SILICONES DE IMPULSO;0,13%;CATIA;2026
IMPULSO;REGATONES;0,02%;CATIA;2026
IMPULSO;SPRAY;0,02%;CATIA;2026
CERRADURAS Y CANDADOS;CERRADURAS Y CANDADO;0,27%;CATIA;2026
CERRADURAS Y CANDADOS;CERRADURAS Y CANDADO CISA;0,00%;CATIA;2026
PERSIANAS Y MOSQUITEROS;PERSIANA ROLLER;1,93%;CATIA;2026
PERSIANAS Y MOSQUITEROS;PERSIANA SHEER;1,24%;CATIA;2026
PERSIANAS Y MOSQUITEROS;MOSQUITERO ROLLER - MOSQUITERO FIJO;0,69%;CATIA;2026
PERSIANAS Y MOSQUITEROS;CORTINAS;0,01%;CATIA;2026
PERSIANAS Y MOSQUITEROS;CORTINAS MOTORIZADAS: TRADICIONAL Y ONDA PERFECTA;0,00%;CATIA;2026
PERSIANAS Y MOSQUITEROS;TOLDOS;0,01%;CATIA;2026
LAMINAS;LÁMINAS DE POLICARBONATO;6,24%;CATIA;2026
LAMINAS;DRYWALL;1,46%;CATIA;2026
LAMINAS;LAMINAS DE ALUMINIO Y ALUCOBOND;1,85%;CATIA;2026
LAMINAS;ILUMINACION;0,06%;CATIA;2026
SERVICIOS;SERVICIO DE CANTO PULIDO;0,24%;CATIA;2026
SERVICIOS;SERVICIO DE FLETE;0,83%;CATIA;2026
SERVICIOS;SERVICIO DE CORTE Y MECANIZADO;0,42%;CATIA;2026
SERVICIOS;CURRIER;0,00%;CATIA;2026
SERVICIOS;PERFORACIONES DE VIDRIO;0,00%;CATIA;2026
SERVICIOS;PERFORACIONES;0,00%;CATIA;2026
PT CON INSTALACION;PT ALUMINIO Y VIDRIO;8,46%;CATIA;2026
PT CON INSTALACION;PT PERSIANAS;0,78%;CATIA;2026
PT CON INSTALACION;PT TEMPLADO;1,57%;CATIA;2026
#N/D;#N/D;0,00%;CATIA;2026
#N/D;TOLDOS: EXTENSIBLES Y VERTICALES;0,00%;CATIA;2026
#N/D;GENERAL;0,04%;CATIA;2026
#N/D;GRANEL;0,27%;CATIA;2026
#N/D;CONSUMIBLES PARA FABRICACION;0,01%;CATIA;2026
#N/D;MANTENIMIENTO DE INFRAESTRUCTURA;0,01%;CATIA;2026
#N/D;PAPELERIA;0,00%;CATIA;2026
#N/D;TEMPLADO Y MECANIZADO;0,00%;CATIA;2026
#N/D;ARTILUGIO CONTABLE;0,01%;CATIA;2026
PAPEL NANO.;PAPEL NANOCERAMICO;0,07%;CATIA;2026
MUESTRAS Y CATALOGOS;CATALOGOS;0,00%;CATIA;2026
MUESTRAS Y CATALOGOS;MUESTRAS Y CODOS;0,00%;CATIA;2026
CARPINTERIA;VITRINA PARA MUEBLES;0,12%;CATIA;2026
SERVICIOS EXTERNOS;CURRIER;0,00%;CATIA;2026
VENTANAS Y PUERTAS CORREDIZAS;VENTANA Y PUERTA PANORAMICA;7,86%;LA GUAIRA;2026
VENTANAS Y PUERTAS CORREDIZAS;VENTANA Y PUERTA CARONI;3,42%;LA GUAIRA;2026
VENTANAS Y PUERTAS CORREDIZAS;VENTANA BELGLASS;0,50%;LA GUAIRA;2026
VENTANAS Y PUERTAS CORREDIZAS;VENTANA VISTAGLASS;0,24%;LA GUAIRA;2026
VENTANAS Y PUERTAS CORREDIZAS;VENTANA Y PUERTA CORREDERA SERIE 1000;2,07%;LA GUAIRA;2026
VENTANAS Y PUERTAS CORREDIZAS;PUERTA DE VITRINA;0,25%;LA GUAIRA;2026
VENTANAS Y PUERTAS CORREDIZAS;VENTANA ECOBEL;0,05%;LA GUAIRA;2026
VENTANAS Y PUERTAS CORREDIZAS;VENTANA Y PUERTA AMPLITUD;0,05%;LA GUAIRA;2026
VENTANAS ABATIBLES;VENTANA PROYECTANTE COMERCIAL;0,40%;LA GUAIRA;2026
VENTANAS ABATIBLES;VENTANA PROYECTANTE LONDON;0,12%;LA GUAIRA;2026
VENTANAS ABATIBLES;VENTANA PIVOTANTE;0,03%;LA GUAIRA;2026
VENTANAS ABATIBLES;PIVOTANTE;0,00%;LA GUAIRA;2026
DIVISIONES DE AMBIENTE;PAÑO FIJO;4,76%;LA GUAIRA;2026
DIVISIONES DE AMBIENTE;ROMANILLA;0,41%;LA GUAIRA;2026
DIVISIONES DE AMBIENTE;ROMANILLAS;0,00%;LA GUAIRA;2026
DIVISIONES DE AMBIENTE;CURTAIN WALL JUNTA POSITIVA Y JUNTA NEGATIVA;0,00%;LA GUAIRA;2026
PERFILES ESTANDAR;ANGULOS Y PLETINAS;6,35%;LA GUAIRA;2026
PERFILES ESTANDAR;TUBOS RECTANGULARES UES TES Y REMATES;6,11%;LA GUAIRA;2026
PERFILES ESTANDAR;TUBOS CUADRADOS Y REDONDOS;3,20%;LA GUAIRA;2026
PRODUCTOS ESTANDAR;VENTANAS ECO;0,74%;LA GUAIRA;2026
PRODUCTOS ESTANDAR;ESPEJOS ECO;1,25%;LA GUAIRA;2026
PRODUCTOS ESTANDAR;PUERTAS DE DUCHA ECO;0,37%;LA GUAIRA;2026
PRODUCTOS ESTANDAR;PUERTAS ECO;0,85%;LA GUAIRA;2026
PRODUCTOS ESTANDAR;PERSIANAS ECO;0,45%;LA GUAIRA;2026
PRODUCTOS ESTANDAR;TOLDO ECO;0,09%;LA GUAIRA;2026
PUERTAS EXTERIORES;PUERTA BATIENTE ENMARCADA;2,27%;LA GUAIRA;2026
PUERTAS EXTERIORES;PUERTA BANCARIA TIPO P;0,49%;LA GUAIRA;2026
PUERTAS EXTERIORES;VENTANA Y PUERTA SANARE;0,01%;LA GUAIRA;2026
PUERTAS INTERIORES;SISTEMA PUERTA TODOVISION;0,13%;LA GUAIRA;2026
PUERTAS INTERIORES;SISTEMA PUERTA PLEGABLE;0,05%;LA GUAIRA;2026
PUERTAS INTERIORES;PLEGABLE;0,00%;LA GUAIRA;2026
PUERTAS INTERIORES;SISTEMA PUERTA TODOVISION SUPERFICIAL;0,03%;LA GUAIRA;2026
PUERTAS INTERIORES;SISTEMA PUERTA MINI EURO PIVOT;0,01%;LA GUAIRA;2026
PUERTAS INTERIORES;SISTEMA PUERTA EURO PIVOT;0,01%;LA GUAIRA;2026
BARANDAS;BARANDA BASTONES A PRESION;0,27%;LA GUAIRA;2026
BARANDAS;BARANDA SEPARADORES;0,04%;LA GUAIRA;2026
BARANDAS;BARANDA INOX;0,04%;LA GUAIRA;2026
BARANDAS;BARANDA ZOCALO;0,03%;LA GUAIRA;2026
BARANDAS;BARANDA BASTONES PERFORACION;0,00%;LA GUAIRA;2026
PUERTAS DE BAÑO;PUERTA DE DUCHA  BATIENTE;0,57%;LA GUAIRA;2026
PUERTAS DE BAÑO;TABIQUE DE BAÑOS MACHIMBRADO;1,17%;LA GUAIRA;2026
PUERTAS DE BAÑO;PUERTA DE BAÑO TEMPLEX;0,39%;LA GUAIRA;2026
PUERTAS DE BAÑO;PUERTA DE BAÑO ACRILICO;0,30%;LA GUAIRA;2026
PUERTAS DE BAÑO;PUERTA DE DUCHA SLIDER TUBO RECTANGULAR;0,16%;LA GUAIRA;2026
PUERTAS DE BAÑO;PUERTA SLIDER TUBO REDONDO;0,13%;LA GUAIRA;2026
PUERTAS DE BAÑO;PUERTA DE DUCHA SLIDER TUBO RECTANGULAR PLUS;0,08%;LA GUAIRA;2026
VIDRIOS;VIDRIO MONOLITICO;23,68%;LA GUAIRA;2026
VIDRIOS;VIDRIO LAMINADO Y ESPECIALES;1,26%;LA GUAIRA;2026
SIL Y SELL;SILICONES Y SELLADORES SIMBI;2,34%;LA GUAIRA;2026
HERRAMIENTAS;HERRAMIENTAS HOTECHE;0,38%;LA GUAIRA;2026
HERRAMIENTAS;HERRAMIENTAS HARDEN;0,09%;LA GUAIRA;2026
HERRAMIENTAS;HERRAMIENTAS;0,03%;LA GUAIRA;2026
IMPULSO;TORNILLOS Y RAMPLUGS;0,66%;LA GUAIRA;2026
IMPULSO;REMACHES;0,15%;LA GUAIRA;2026
IMPULSO;MECHAS Y PUNTAS;0,18%;LA GUAIRA;2026
IMPULSO;SILICONES DE IMPULSO;0,20%;LA GUAIRA;2026
IMPULSO;REGATONES;0,00%;LA GUAIRA;2026
IMPULSO;SPRAY;0,03%;LA GUAIRA;2026
CERRADURAS Y CANDADOS;CERRADURAS Y CANDADO;0,23%;LA GUAIRA;2026
CERRADURAS Y CANDADOS;CERRADURAS Y CANDADO CISA;0,00%;LA GUAIRA;2026
PERSIANAS Y MOSQUITEROS;PERSIANA ROLLER;1,78%;LA GUAIRA;2026
PERSIANAS Y MOSQUITEROS;PERSIANA SHEER;0,48%;LA GUAIRA;2026
PERSIANAS Y MOSQUITEROS;MOSQUITERO ROLLER - MOSQUITERO FIJO;0,14%;LA GUAIRA;2026
PERSIANAS Y MOSQUITEROS;CORTINAS;0,00%;LA GUAIRA;2026
PERSIANAS Y MOSQUITEROS;CORTINAS MOTORIZADAS: TRADICIONAL Y ONDA PERFECTA;0,00%;LA GUAIRA;2026
PERSIANAS Y MOSQUITEROS;TOLDOS;0,00%;LA GUAIRA;2026
LAMINAS;LÁMINAS DE POLICARBONATO;3,61%;LA GUAIRA;2026
LAMINAS;DRYWALL;3,46%;LA GUAIRA;2026
LAMINAS;LAMINAS DE ALUMINIO Y ALUCOBOND;3,50%;LA GUAIRA;2026
LAMINAS;ILUMINACION;0,07%;LA GUAIRA;2026
SERVICIOS;SERVICIO DE CANTO PULIDO;1,12%;LA GUAIRA;2026
SERVICIOS;SERVICIO DE FLETE;0,50%;LA GUAIRA;2026
SERVICIOS;SERVICIO DE CORTE Y MECANIZADO;0,24%;LA GUAIRA;2026
SERVICIOS;CURRIER;0,00%;LA GUAIRA;2026
SERVICIOS;PERFORACIONES DE VIDRIO;0,00%;LA GUAIRA;2026
SERVICIOS;PERFORACIONES;0,01%;LA GUAIRA;2026
PT CON INSTALACION;PT ALUMINIO Y VIDRIO;7,02%;LA GUAIRA;2026
PT CON INSTALACION;PT PERSIANAS;1,01%;LA GUAIRA;2026
PT CON INSTALACION;PT TEMPLADO;1,47%;LA GUAIRA;2026
#N/D;#N/D;0,00%;LA GUAIRA;2026
#N/D;TOLDOS: EXTENSIBLES Y VERTICALES;0,00%;LA GUAIRA;2026
#N/D;GENERAL;0,05%;LA GUAIRA;2026
#N/D;GRANEL;0,43%;LA GUAIRA;2026
#N/D;CONSUMIBLES PARA FABRICACION;0,00%;LA GUAIRA;2026
#N/D;MANTENIMIENTO DE INFRAESTRUCTURA;0,02%;LA GUAIRA;2026
#N/D;PAPELERIA;0,00%;LA GUAIRA;2026
#N/D;TEMPLADO Y MECANIZADO;0,00%;LA GUAIRA;2026
#N/D;ARTILUGIO CONTABLE;0,00%;LA GUAIRA;2026
PAPEL NANO.;PAPEL NANOCERAMICO;0,01%;LA GUAIRA;2026
MUESTRAS Y CATALOGOS;CATALOGOS;0,01%;LA GUAIRA;2026
MUESTRAS Y CATALOGOS;MUESTRAS Y CODOS;0,00%;LA GUAIRA;2026
CARPINTERIA;VITRINA PARA MUEBLES;0,07%;LA GUAIRA;2026
SERVICIOS EXTERNOS;CURRIER;0,00%;LA GUAIRA;2026
VENTANAS Y PUERTAS CORREDIZAS;VENTANA Y PUERTA PANORAMICA;6,83%;GUATIRE;2026
VENTANAS Y PUERTAS CORREDIZAS;VENTANA Y PUERTA CARONI;4,40%;GUATIRE;2026
VENTANAS Y PUERTAS CORREDIZAS;VENTANA BELGLASS;0,58%;GUATIRE;2026
VENTANAS Y PUERTAS CORREDIZAS;VENTANA VISTAGLASS;0,60%;GUATIRE;2026
VENTANAS Y PUERTAS CORREDIZAS;VENTANA Y PUERTA CORREDERA SERIE 1000;1,96%;GUATIRE;2026
VENTANAS Y PUERTAS CORREDIZAS;PUERTA DE VITRINA;0,38%;GUATIRE;2026
VENTANAS Y PUERTAS CORREDIZAS;VENTANA ECOBEL;0,27%;GUATIRE;2026
VENTANAS Y PUERTAS CORREDIZAS;VENTANA Y PUERTA AMPLITUD;0,06%;GUATIRE;2026
VENTANAS ABATIBLES;VENTANA PROYECTANTE COMERCIAL;0,61%;GUATIRE;2026
VENTANAS ABATIBLES;VENTANA PROYECTANTE LONDON;0,26%;GUATIRE;2026
VENTANAS ABATIBLES;VENTANA PIVOTANTE;0,11%;GUATIRE;2026
VENTANAS ABATIBLES;PIVOTANTE;0,00%;GUATIRE;2026
DIVISIONES DE AMBIENTE;PAÑO FIJO;2,70%;GUATIRE;2026
DIVISIONES DE AMBIENTE;ROMANILLA;0,11%;GUATIRE;2026
DIVISIONES DE AMBIENTE;ROMANILLAS;0,00%;GUATIRE;2026
DIVISIONES DE AMBIENTE;CURTAIN WALL JUNTA POSITIVA Y JUNTA NEGATIVA;0,00%;GUATIRE;2026
PERFILES ESTANDAR;ANGULOS Y PLETINAS;5,53%;GUATIRE;2026
PERFILES ESTANDAR;TUBOS RECTANGULARES UES TES Y REMATES;6,42%;GUATIRE;2026
PERFILES ESTANDAR;TUBOS CUADRADOS Y REDONDOS;2,74%;GUATIRE;2026
PRODUCTOS ESTANDAR;VENTANAS ECO;0,47%;GUATIRE;2026
PRODUCTOS ESTANDAR;ESPEJOS ECO;1,53%;GUATIRE;2026
PRODUCTOS ESTANDAR;PUERTAS DE DUCHA ECO;0,21%;GUATIRE;2026
PRODUCTOS ESTANDAR;PUERTAS ECO;0,76%;GUATIRE;2026
PRODUCTOS ESTANDAR;PERSIANAS ECO;0,46%;GUATIRE;2026
PRODUCTOS ESTANDAR;TOLDO ECO;0,07%;GUATIRE;2026
PUERTAS EXTERIORES;PUERTA BATIENTE ENMARCADA;0,95%;GUATIRE;2026
PUERTAS EXTERIORES;PUERTA BANCARIA TIPO P;0,89%;GUATIRE;2026
PUERTAS EXTERIORES;VENTANA Y PUERTA SANARE;0,00%;GUATIRE;2026
PUERTAS INTERIORES;SISTEMA PUERTA TODOVISION;0,17%;GUATIRE;2026
PUERTAS INTERIORES;SISTEMA PUERTA PLEGABLE;0,17%;GUATIRE;2026
PUERTAS INTERIORES;PLEGABLE;0,00%;GUATIRE;2026
PUERTAS INTERIORES;SISTEMA PUERTA TODOVISION SUPERFICIAL;0,05%;GUATIRE;2026
PUERTAS INTERIORES;SISTEMA PUERTA MINI EURO PIVOT;0,01%;GUATIRE;2026
PUERTAS INTERIORES;SISTEMA PUERTA EURO PIVOT;0,00%;GUATIRE;2026
BARANDAS;BARANDA BASTONES A PRESION;0,49%;GUATIRE;2026
BARANDAS;BARANDA SEPARADORES;0,11%;GUATIRE;2026
BARANDAS;BARANDA INOX;0,11%;GUATIRE;2026
BARANDAS;BARANDA ZOCALO;0,00%;GUATIRE;2026
BARANDAS;BARANDA BASTONES PERFORACION;0,00%;GUATIRE;2026
PUERTAS DE BAÑO;PUERTA DE DUCHA  BATIENTE;0,64%;GUATIRE;2026
PUERTAS DE BAÑO;TABIQUE DE BAÑOS MACHIMBRADO;0,78%;GUATIRE;2026
PUERTAS DE BAÑO;PUERTA DE BAÑO TEMPLEX;0,30%;GUATIRE;2026
PUERTAS DE BAÑO;PUERTA DE BAÑO ACRILICO;0,19%;GUATIRE;2026
PUERTAS DE BAÑO;PUERTA DE DUCHA SLIDER TUBO RECTANGULAR;0,37%;GUATIRE;2026
PUERTAS DE BAÑO;PUERTA SLIDER TUBO REDONDO;0,14%;GUATIRE;2026
PUERTAS DE BAÑO;PUERTA DE DUCHA SLIDER TUBO RECTANGULAR PLUS;0,09%;GUATIRE;2026
VIDRIOS;VIDRIO MONOLITICO;20,63%;GUATIRE;2026
VIDRIOS;VIDRIO LAMINADO Y ESPECIALES;1,34%;GUATIRE;2026
SIL Y SELL;SILICONES Y SELLADORES SIMBI;2,31%;GUATIRE;2026
HERRAMIENTAS;HERRAMIENTAS HOTECHE;0,27%;GUATIRE;2026
HERRAMIENTAS;HERRAMIENTAS HARDEN;0,07%;GUATIRE;2026
HERRAMIENTAS;HERRAMIENTAS;0,02%;GUATIRE;2026
IMPULSO;TORNILLOS Y RAMPLUGS;0,32%;GUATIRE;2026
IMPULSO;REMACHES;0,01%;GUATIRE;2026
IMPULSO;MECHAS Y PUNTAS;0,09%;GUATIRE;2026
IMPULSO;SILICONES DE IMPULSO;0,07%;GUATIRE;2026
IMPULSO;REGATONES;0,00%;GUATIRE;2026
IMPULSO;SPRAY;0,02%;GUATIRE;2026
CERRADURAS Y CANDADOS;CERRADURAS Y CANDADO;0,12%;GUATIRE;2026
CERRADURAS Y CANDADOS;CERRADURAS Y CANDADO CISA;0,00%;GUATIRE;2026
PERSIANAS Y MOSQUITEROS;PERSIANA ROLLER;3,96%;GUATIRE;2026
PERSIANAS Y MOSQUITEROS;PERSIANA SHEER;1,56%;GUATIRE;2026
PERSIANAS Y MOSQUITEROS;MOSQUITERO ROLLER - MOSQUITERO FIJO;0,41%;GUATIRE;2026
PERSIANAS Y MOSQUITEROS;CORTINAS;0,00%;GUATIRE;2026
PERSIANAS Y MOSQUITEROS;CORTINAS MOTORIZADAS: TRADICIONAL Y ONDA PERFECTA;0,00%;GUATIRE;2026
PERSIANAS Y MOSQUITEROS;TOLDOS;0,00%;GUATIRE;2026
LAMINAS;LÁMINAS DE POLICARBONATO;4,37%;GUATIRE;2026
LAMINAS;DRYWALL;1,30%;GUATIRE;2026
LAMINAS;LAMINAS DE ALUMINIO Y ALUCOBOND;2,74%;GUATIRE;2026
LAMINAS;ILUMINACION;0,02%;GUATIRE;2026
SERVICIOS;SERVICIO DE CANTO PULIDO;0,23%;GUATIRE;2026
SERVICIOS;SERVICIO DE FLETE;0,41%;GUATIRE;2026
SERVICIOS;SERVICIO DE CORTE Y MECANIZADO;0,23%;GUATIRE;2026
SERVICIOS;CURRIER;0,00%;GUATIRE;2026
SERVICIOS;PERFORACIONES DE VIDRIO;0,00%;GUATIRE;2026
SERVICIOS;PERFORACIONES;0,00%;GUATIRE;2026
PT CON INSTALACION;PT ALUMINIO Y VIDRIO;11,32%;GUATIRE;2026
PT CON INSTALACION;PT PERSIANAS;2,00%;GUATIRE;2026
PT CON INSTALACION;PT TEMPLADO;3,14%;GUATIRE;2026
#N/D;#N/D;0,00%;GUATIRE;2026
#N/D;TOLDOS: EXTENSIBLES Y VERTICALES;0,00%;GUATIRE;2026
#N/D;GENERAL;0,07%;GUATIRE;2026
#N/D;GRANEL;0,22%;GUATIRE;2026
#N/D;CONSUMIBLES PARA FABRICACION;0,00%;GUATIRE;2026
#N/D;MANTENIMIENTO DE INFRAESTRUCTURA;0,00%;GUATIRE;2026
#N/D;PAPELERIA;0,00%;GUATIRE;2026
#N/D;TEMPLADO Y MECANIZADO;0,00%;GUATIRE;2026
#N/D;ARTILUGIO CONTABLE;0,05%;GUATIRE;2026
PAPEL NANO.;PAPEL NANOCERAMICO;0,06%;GUATIRE;2026
MUESTRAS Y CATALOGOS;CATALOGOS;0,01%;GUATIRE;2026
MUESTRAS Y CATALOGOS;MUESTRAS Y CODOS;0,00%;GUATIRE;2026
CARPINTERIA;VITRINA PARA MUEBLES;0,12%;GUATIRE;2026
SERVICIOS EXTERNOS;CURRIER;0,00%;GUATIRE;2026
VENTANAS Y PUERTAS CORREDIZAS;VENTANA Y PUERTA PANORAMICA;6,83%;MARICHE;2026
VENTANAS Y PUERTAS CORREDIZAS;VENTANA Y PUERTA CARONI;4,40%;MARICHE;2026
VENTANAS Y PUERTAS CORREDIZAS;VENTANA BELGLASS;0,58%;MARICHE;2026
VENTANAS Y PUERTAS CORREDIZAS;VENTANA VISTAGLASS;0,60%;MARICHE;2026
VENTANAS Y PUERTAS CORREDIZAS;VENTANA Y PUERTA CORREDERA SERIE 1000;1,96%;MARICHE;2026
VENTANAS Y PUERTAS CORREDIZAS;PUERTA DE VITRINA;0,38%;MARICHE;2026
VENTANAS Y PUERTAS CORREDIZAS;VENTANA ECOBEL;0,27%;MARICHE;2026
VENTANAS Y PUERTAS CORREDIZAS;VENTANA Y PUERTA AMPLITUD;0,06%;MARICHE;2026
VENTANAS ABATIBLES;VENTANA PROYECTANTE COMERCIAL;0,61%;MARICHE;2026
VENTANAS ABATIBLES;VENTANA PROYECTANTE LONDON;0,26%;MARICHE;2026
VENTANAS ABATIBLES;VENTANA PIVOTANTE;0,11%;MARICHE;2026
VENTANAS ABATIBLES;PIVOTANTE;0,00%;MARICHE;2026
DIVISIONES DE AMBIENTE;PAÑO FIJO;2,70%;MARICHE;2026
DIVISIONES DE AMBIENTE;ROMANILLA;0,11%;MARICHE;2026
DIVISIONES DE AMBIENTE;ROMANILLAS;0,00%;MARICHE;2026
DIVISIONES DE AMBIENTE;CURTAIN WALL JUNTA POSITIVA Y JUNTA NEGATIVA;0,00%;MARICHE;2026
PERFILES ESTANDAR;ANGULOS Y PLETINAS;5,53%;MARICHE;2026
PERFILES ESTANDAR;TUBOS RECTANGULARES UES TES Y REMATES;6,42%;MARICHE;2026
PERFILES ESTANDAR;TUBOS CUADRADOS Y REDONDOS;2,74%;MARICHE;2026
PRODUCTOS ESTANDAR;VENTANAS ECO;0,47%;MARICHE;2026
PRODUCTOS ESTANDAR;ESPEJOS ECO;1,53%;MARICHE;2026
PRODUCTOS ESTANDAR;PUERTAS DE DUCHA ECO;0,21%;MARICHE;2026
PRODUCTOS ESTANDAR;PUERTAS ECO;0,76%;MARICHE;2026
PRODUCTOS ESTANDAR;PERSIANAS ECO;0,46%;MARICHE;2026
PRODUCTOS ESTANDAR;TOLDO ECO;0,07%;MARICHE;2026
PUERTAS EXTERIORES;PUERTA BATIENTE ENMARCADA;0,95%;MARICHE;2026
PUERTAS EXTERIORES;PUERTA BANCARIA TIPO P;0,89%;MARICHE;2026
PUERTAS EXTERIORES;VENTANA Y PUERTA SANARE;0,00%;MARICHE;2026
PUERTAS INTERIORES;SISTEMA PUERTA TODOVISION;0,17%;MARICHE;2026
PUERTAS INTERIORES;SISTEMA PUERTA PLEGABLE;0,17%;MARICHE;2026
PUERTAS INTERIORES;PLEGABLE;0,00%;MARICHE;2026
PUERTAS INTERIORES;SISTEMA PUERTA TODOVISION SUPERFICIAL;0,05%;MARICHE;2026
PUERTAS INTERIORES;SISTEMA PUERTA MINI EURO PIVOT;0,01%;MARICHE;2026
PUERTAS INTERIORES;SISTEMA PUERTA EURO PIVOT;0,00%;MARICHE;2026
BARANDAS;BARANDA BASTONES A PRESION;0,49%;MARICHE;2026
BARANDAS;BARANDA SEPARADORES;0,11%;MARICHE;2026
BARANDAS;BARANDA INOX;0,11%;MARICHE;2026
BARANDAS;BARANDA ZOCALO;0,00%;MARICHE;2026
BARANDAS;BARANDA BASTONES PERFORACION;0,00%;MARICHE;2026
PUERTAS DE BAÑO;PUERTA DE DUCHA  BATIENTE;0,64%;MARICHE;2026
PUERTAS DE BAÑO;TABIQUE DE BAÑOS MACHIMBRADO;0,78%;MARICHE;2026
PUERTAS DE BAÑO;PUERTA DE BAÑO TEMPLEX;0,30%;MARICHE;2026
PUERTAS DE BAÑO;PUERTA DE BAÑO ACRILICO;0,19%;MARICHE;2026
PUERTAS DE BAÑO;PUERTA DE DUCHA SLIDER TUBO RECTANGULAR;0,37%;MARICHE;2026
PUERTAS DE BAÑO;PUERTA SLIDER TUBO REDONDO;0,14%;MARICHE;2026
PUERTAS DE BAÑO;PUERTA DE DUCHA SLIDER TUBO RECTANGULAR PLUS;0,09%;MARICHE;2026
VIDRIOS;VIDRIO MONOLITICO;20,63%;MARICHE;2026
VIDRIOS;VIDRIO LAMINADO Y ESPECIALES;1,34%;MARICHE;2026
SIL Y SELL;SILICONES Y SELLADORES SIMBI;2,31%;MARICHE;2026
HERRAMIENTAS;HERRAMIENTAS HOTECHE;0,27%;MARICHE;2026
HERRAMIENTAS;HERRAMIENTAS HARDEN;0,07%;MARICHE;2026
HERRAMIENTAS;HERRAMIENTAS;0,02%;MARICHE;2026
IMPULSO;TORNILLOS Y RAMPLUGS;0,32%;MARICHE;2026
IMPULSO;REMACHES;0,01%;MARICHE;2026
IMPULSO;MECHAS Y PUNTAS;0,09%;MARICHE;2026
IMPULSO;SILICONES DE IMPULSO;0,07%;MARICHE;2026
IMPULSO;REGATONES;0,00%;MARICHE;2026
IMPULSO;SPRAY;0,02%;MARICHE;2026
CERRADURAS Y CANDADOS;CERRADURAS Y CANDADO;0,12%;MARICHE;2026
CERRADURAS Y CANDADOS;CERRADURAS Y CANDADO CISA;0,00%;MARICHE;2026
PERSIANAS Y MOSQUITEROS;PERSIANA ROLLER;3,96%;MARICHE;2026
PERSIANAS Y MOSQUITEROS;PERSIANA SHEER;1,56%;MARICHE;2026
PERSIANAS Y MOSQUITEROS;MOSQUITERO ROLLER - MOSQUITERO FIJO;0,41%;MARICHE;2026
PERSIANAS Y MOSQUITEROS;CORTINAS;0,00%;MARICHE;2026
PERSIANAS Y MOSQUITEROS;CORTINAS MOTORIZADAS: TRADICIONAL Y ONDA PERFECTA;0,00%;MARICHE;2026
PERSIANAS Y MOSQUITEROS;TOLDOS;0,00%;MARICHE;2026
LAMINAS;LÁMINAS DE POLICARBONATO;4,37%;MARICHE;2026
LAMINAS;DRYWALL;1,30%;MARICHE;2026
LAMINAS;LAMINAS DE ALUMINIO Y ALUCOBOND;2,74%;MARICHE;2026
LAMINAS;ILUMINACION;0,02%;MARICHE;2026
SERVICIOS;SERVICIO DE CANTO PULIDO;0,23%;MARICHE;2026
SERVICIOS;SERVICIO DE FLETE;0,41%;MARICHE;2026
SERVICIOS;SERVICIO DE CORTE Y MECANIZADO;0,23%;MARICHE;2026
SERVICIOS;CURRIER;0,00%;MARICHE;2026
SERVICIOS;PERFORACIONES DE VIDRIO;0,00%;MARICHE;2026
SERVICIOS;PERFORACIONES;0,00%;MARICHE;2026
PT CON INSTALACION;PT ALUMINIO Y VIDRIO;11,32%;MARICHE;2026
PT CON INSTALACION;PT PERSIANAS;2,00%;MARICHE;2026
PT CON INSTALACION;PT TEMPLADO;3,14%;MARICHE;2026
#N/D;#N/D;0,00%;MARICHE;2026
#N/D;TOLDOS: EXTENSIBLES Y VERTICALES;0,00%;MARICHE;2026
#N/D;GENERAL;0,07%;MARICHE;2026
#N/D;GRANEL;0,22%;MARICHE;2026
#N/D;CONSUMIBLES PARA FABRICACION;0,00%;MARICHE;2026
#N/D;MANTENIMIENTO DE INFRAESTRUCTURA;0,00%;MARICHE;2026
#N/D;PAPELERIA;0,00%;MARICHE;2026
#N/D;TEMPLADO Y MECANIZADO;0,00%;MARICHE;2026
#N/D;ARTILUGIO CONTABLE;0,05%;MARICHE;2026
PAPEL NANO.;PAPEL NANOCERAMICO;0,06%;MARICHE;2026
MUESTRAS Y CATALOGOS;CATALOGOS;0,01%;MARICHE;2026
MUESTRAS Y CATALOGOS;MUESTRAS Y CODOS;0,00%;MARICHE;2026
CARPINTERIA;VITRINA PARA MUEBLES;0,12%;MARICHE;2026
SERVICIOS EXTERNOS;CURRIER;0,00%;MARICHE;2026
VENTANAS Y PUERTAS CORREDIZAS;VENTANA Y PUERTA PANORAMICA;1,44%;ALUMINIOLOGO WEB;2026
VENTANAS Y PUERTAS CORREDIZAS;VENTANA Y PUERTA CARONI;0,46%;ALUMINIOLOGO WEB;2026
VENTANAS Y PUERTAS CORREDIZAS;VENTANA BELGLASS;0,00%;ALUMINIOLOGO WEB;2026
VENTANAS Y PUERTAS CORREDIZAS;VENTANA VISTAGLASS;0,00%;ALUMINIOLOGO WEB;2026
VENTANAS Y PUERTAS CORREDIZAS;VENTANA Y PUERTA CORREDERA SERIE 1000;0,18%;ALUMINIOLOGO WEB;2026
VENTANAS Y PUERTAS CORREDIZAS;PUERTA DE VITRINA;0,06%;ALUMINIOLOGO WEB;2026
VENTANAS Y PUERTAS CORREDIZAS;VENTANA ECOBEL;0,00%;ALUMINIOLOGO WEB;2026
VENTANAS Y PUERTAS CORREDIZAS;VENTANA Y PUERTA AMPLITUD;0,00%;ALUMINIOLOGO WEB;2026
VENTANAS ABATIBLES;VENTANA PROYECTANTE COMERCIAL;0,26%;ALUMINIOLOGO WEB;2026
VENTANAS ABATIBLES;VENTANA PROYECTANTE LONDON;0,00%;ALUMINIOLOGO WEB;2026
VENTANAS ABATIBLES;VENTANA PIVOTANTE;0,00%;ALUMINIOLOGO WEB;2026
VENTANAS ABATIBLES;PIVOTANTE;0,00%;ALUMINIOLOGO WEB;2026
DIVISIONES DE AMBIENTE;PAÑO FIJO;9,56%;ALUMINIOLOGO WEB;2026
DIVISIONES DE AMBIENTE;ROMANILLA;0,00%;ALUMINIOLOGO WEB;2026
DIVISIONES DE AMBIENTE;ROMANILLAS;0,00%;ALUMINIOLOGO WEB;2026
DIVISIONES DE AMBIENTE;CURTAIN WALL JUNTA POSITIVA Y JUNTA NEGATIVA;1,16%;ALUMINIOLOGO WEB;2026
PERFILES ESTANDAR;ANGULOS Y PLETINAS;1,00%;ALUMINIOLOGO WEB;2026
PERFILES ESTANDAR;TUBOS RECTANGULARES UES TES Y REMATES;1,65%;ALUMINIOLOGO WEB;2026
PERFILES ESTANDAR;TUBOS CUADRADOS Y REDONDOS;0,02%;ALUMINIOLOGO WEB;2026
PRODUCTOS ESTANDAR;VENTANAS ECO;0,00%;ALUMINIOLOGO WEB;2026
PRODUCTOS ESTANDAR;ESPEJOS ECO;1,10%;ALUMINIOLOGO WEB;2026
PRODUCTOS ESTANDAR;PUERTAS DE DUCHA ECO;0,00%;ALUMINIOLOGO WEB;2026
PRODUCTOS ESTANDAR;PUERTAS ECO;0,00%;ALUMINIOLOGO WEB;2026
PRODUCTOS ESTANDAR;PERSIANAS ECO;0,09%;ALUMINIOLOGO WEB;2026
PRODUCTOS ESTANDAR;TOLDO ECO;0,00%;ALUMINIOLOGO WEB;2026
PUERTAS EXTERIORES;PUERTA BATIENTE ENMARCADA;0,64%;ALUMINIOLOGO WEB;2026
PUERTAS EXTERIORES;PUERTA BANCARIA TIPO P;0,08%;ALUMINIOLOGO WEB;2026
PUERTAS EXTERIORES;VENTANA Y PUERTA SANARE;0,00%;ALUMINIOLOGO WEB;2026
PUERTAS INTERIORES;SISTEMA PUERTA TODOVISION;0,01%;ALUMINIOLOGO WEB;2026
PUERTAS INTERIORES;SISTEMA PUERTA PLEGABLE;0,00%;ALUMINIOLOGO WEB;2026
PUERTAS INTERIORES;PLEGABLE;0,00%;ALUMINIOLOGO WEB;2026
PUERTAS INTERIORES;SISTEMA PUERTA TODOVISION SUPERFICIAL;0,00%;ALUMINIOLOGO WEB;2026
PUERTAS INTERIORES;SISTEMA PUERTA MINI EURO PIVOT;0,00%;ALUMINIOLOGO WEB;2026
PUERTAS INTERIORES;SISTEMA PUERTA EURO PIVOT;0,00%;ALUMINIOLOGO WEB;2026
BARANDAS;BARANDA BASTONES A PRESION;0,00%;ALUMINIOLOGO WEB;2026
BARANDAS;BARANDA SEPARADORES;0,00%;ALUMINIOLOGO WEB;2026
BARANDAS;BARANDA INOX;0,00%;ALUMINIOLOGO WEB;2026
BARANDAS;BARANDA ZOCALO;0,00%;ALUMINIOLOGO WEB;2026
BARANDAS;BARANDA BASTONES PERFORACION;0,00%;ALUMINIOLOGO WEB;2026
PUERTAS DE BAÑO;PUERTA DE DUCHA  BATIENTE;0,38%;ALUMINIOLOGO WEB;2026
PUERTAS DE BAÑO;TABIQUE DE BAÑOS MACHIMBRADO;0,00%;ALUMINIOLOGO WEB;2026
PUERTAS DE BAÑO;PUERTA DE BAÑO TEMPLEX;0,01%;ALUMINIOLOGO WEB;2026
PUERTAS DE BAÑO;PUERTA DE BAÑO ACRILICO;0,00%;ALUMINIOLOGO WEB;2026
PUERTAS DE BAÑO;PUERTA DE DUCHA SLIDER TUBO RECTANGULAR;0,02%;ALUMINIOLOGO WEB;2026
PUERTAS DE BAÑO;PUERTA SLIDER TUBO REDONDO;0,00%;ALUMINIOLOGO WEB;2026
PUERTAS DE BAÑO;PUERTA DE DUCHA SLIDER TUBO RECTANGULAR PLUS;0,00%;ALUMINIOLOGO WEB;2026
VIDRIOS;VIDRIO MONOLITICO;8,90%;ALUMINIOLOGO WEB;2026
VIDRIOS;VIDRIO LAMINADO Y ESPECIALES;1,97%;ALUMINIOLOGO WEB;2026
SIL Y SELL;SILICONES Y SELLADORES SIMBI;0,58%;ALUMINIOLOGO WEB;2026
HERRAMIENTAS;HERRAMIENTAS HOTECHE;0,02%;ALUMINIOLOGO WEB;2026
HERRAMIENTAS;HERRAMIENTAS HARDEN;0,00%;ALUMINIOLOGO WEB;2026
HERRAMIENTAS;HERRAMIENTAS;0,03%;ALUMINIOLOGO WEB;2026
IMPULSO;TORNILLOS Y RAMPLUGS;0,03%;ALUMINIOLOGO WEB;2026
IMPULSO;REMACHES;0,01%;ALUMINIOLOGO WEB;2026
IMPULSO;MECHAS Y PUNTAS;0,00%;ALUMINIOLOGO WEB;2026
IMPULSO;SILICONES DE IMPULSO;0,00%;ALUMINIOLOGO WEB;2026
IMPULSO;REGATONES;0,00%;ALUMINIOLOGO WEB;2026
IMPULSO;SPRAY;0,00%;ALUMINIOLOGO WEB;2026
CERRADURAS Y CANDADOS;CERRADURAS Y CANDADO;0,00%;ALUMINIOLOGO WEB;2026
CERRADURAS Y CANDADOS;CERRADURAS Y CANDADO CISA;0,00%;ALUMINIOLOGO WEB;2026
PERSIANAS Y MOSQUITEROS;PERSIANA ROLLER;45,13%;ALUMINIOLOGO WEB;2026
PERSIANAS Y MOSQUITEROS;PERSIANA SHEER;12,64%;ALUMINIOLOGO WEB;2026
PERSIANAS Y MOSQUITEROS;MOSQUITERO ROLLER - MOSQUITERO FIJO;0,27%;ALUMINIOLOGO WEB;2026
PERSIANAS Y MOSQUITEROS;CORTINAS;0,02%;ALUMINIOLOGO WEB;2026
PERSIANAS Y MOSQUITEROS;CORTINAS MOTORIZADAS: TRADICIONAL Y ONDA PERFECTA;0,00%;ALUMINIOLOGO WEB;2026
PERSIANAS Y MOSQUITEROS;TOLDOS;0,00%;ALUMINIOLOGO WEB;2026
LAMINAS;LÁMINAS DE POLICARBONATO;6,61%;ALUMINIOLOGO WEB;2026
LAMINAS;DRYWALL;0,77%;ALUMINIOLOGO WEB;2026
LAMINAS;LAMINAS DE ALUMINIO Y ALUCOBOND;1,06%;ALUMINIOLOGO WEB;2026
LAMINAS;ILUMINACION;0,00%;ALUMINIOLOGO WEB;2026
SERVICIOS;SERVICIO DE CANTO PULIDO;0,00%;ALUMINIOLOGO WEB;2026
SERVICIOS;SERVICIO DE FLETE;2,20%;ALUMINIOLOGO WEB;2026
SERVICIOS;SERVICIO DE CORTE Y MECANIZADO;0,12%;ALUMINIOLOGO WEB;2026
SERVICIOS;CURRIER;0,05%;ALUMINIOLOGO WEB;2026
SERVICIOS;PERFORACIONES DE VIDRIO;0,00%;ALUMINIOLOGO WEB;2026
SERVICIOS;PERFORACIONES;0,00%;ALUMINIOLOGO WEB;2026
PT CON INSTALACION;PT ALUMINIO Y VIDRIO;1,36%;ALUMINIOLOGO WEB;2026
PT CON INSTALACION;PT PERSIANAS;0,00%;ALUMINIOLOGO WEB;2026
PT CON INSTALACION;PT TEMPLADO;0,00%;ALUMINIOLOGO WEB;2026
#N/D;#N/D;0,00%;ALUMINIOLOGO WEB;2026
#N/D;TOLDOS: EXTENSIBLES Y VERTICALES;0,00%;ALUMINIOLOGO WEB;2026
#N/D;GENERAL;0,00%;ALUMINIOLOGO WEB;2026
#N/D;GRANEL;0,11%;ALUMINIOLOGO WEB;2026
#N/D;CONSUMIBLES PARA FABRICACION;0,00%;ALUMINIOLOGO WEB;2026
#N/D;MANTENIMIENTO DE INFRAESTRUCTURA;0,00%;ALUMINIOLOGO WEB;2026
#N/D;PAPELERIA;0,00%;ALUMINIOLOGO WEB;2026
#N/D;TEMPLADO Y MECANIZADO;0,00%;ALUMINIOLOGO WEB;2026
#N/D;ARTILUGIO CONTABLE;0,00%;ALUMINIOLOGO WEB;2026
PAPEL NANO.;PAPEL NANOCERAMICO;0,02%;ALUMINIOLOGO WEB;2026
MUESTRAS Y CATALOGOS;CATALOGOS;0,00%;ALUMINIOLOGO WEB;2026
MUESTRAS Y CATALOGOS;MUESTRAS Y CODOS;0,00%;ALUMINIOLOGO WEB;2026
CARPINTERIA;VITRINA PARA MUEBLES;0,00%;ALUMINIOLOGO WEB;2026
SERVICIOS EXTERNOS;CURRIER;0,00%;ALUMINIOLOGO WEB;2026
VENTANAS Y PUERTAS CORREDIZAS;VENTANA Y PUERTA PANORAMICA;0,91%;DISTRIBUIDORES;2026
VENTANAS Y PUERTAS CORREDIZAS;VENTANA Y PUERTA CARONI;0,00%;DISTRIBUIDORES;2026
VENTANAS Y PUERTAS CORREDIZAS;VENTANA BELGLASS;0,00%;DISTRIBUIDORES;2026
VENTANAS Y PUERTAS CORREDIZAS;VENTANA VISTAGLASS;0,00%;DISTRIBUIDORES;2026
VENTANAS Y PUERTAS CORREDIZAS;VENTANA Y PUERTA CORREDERA SERIE 1000;0,00%;DISTRIBUIDORES;2026
VENTANAS Y PUERTAS CORREDIZAS;PUERTA DE VITRINA;0,00%;DISTRIBUIDORES;2026
VENTANAS Y PUERTAS CORREDIZAS;VENTANA ECOBEL;0,00%;DISTRIBUIDORES;2026
VENTANAS Y PUERTAS CORREDIZAS;VENTANA Y PUERTA AMPLITUD;0,00%;DISTRIBUIDORES;2026
VENTANAS ABATIBLES;VENTANA PROYECTANTE COMERCIAL;0,00%;DISTRIBUIDORES;2026
VENTANAS ABATIBLES;VENTANA PROYECTANTE LONDON;0,00%;DISTRIBUIDORES;2026
VENTANAS ABATIBLES;VENTANA PIVOTANTE;0,00%;DISTRIBUIDORES;2026
VENTANAS ABATIBLES;PIVOTANTE;0,00%;DISTRIBUIDORES;2026
DIVISIONES DE AMBIENTE;PAÑO FIJO;0,00%;DISTRIBUIDORES;2026
DIVISIONES DE AMBIENTE;ROMANILLA;0,00%;DISTRIBUIDORES;2026
DIVISIONES DE AMBIENTE;ROMANILLAS;0,00%;DISTRIBUIDORES;2026
DIVISIONES DE AMBIENTE;CURTAIN WALL JUNTA POSITIVA Y JUNTA NEGATIVA;0,70%;DISTRIBUIDORES;2026
PERFILES ESTANDAR;ANGULOS Y PLETINAS;0,82%;DISTRIBUIDORES;2026
PERFILES ESTANDAR;TUBOS RECTANGULARES UES TES Y REMATES;1,25%;DISTRIBUIDORES;2026
PERFILES ESTANDAR;TUBOS CUADRADOS Y REDONDOS;0,70%;DISTRIBUIDORES;2026
PRODUCTOS ESTANDAR;VENTANAS ECO;0,00%;DISTRIBUIDORES;2026
PRODUCTOS ESTANDAR;ESPEJOS ECO;0,82%;DISTRIBUIDORES;2026
PRODUCTOS ESTANDAR;PUERTAS DE DUCHA ECO;0,00%;DISTRIBUIDORES;2026
PRODUCTOS ESTANDAR;PUERTAS ECO;0,00%;DISTRIBUIDORES;2026
PRODUCTOS ESTANDAR;PERSIANAS ECO;0,06%;DISTRIBUIDORES;2026
PRODUCTOS ESTANDAR;TOLDO ECO;0,00%;DISTRIBUIDORES;2026
PUERTAS EXTERIORES;PUERTA BATIENTE ENMARCADA;0,00%;DISTRIBUIDORES;2026
PUERTAS EXTERIORES;PUERTA BANCARIA TIPO P;6,20%;DISTRIBUIDORES;2026
PUERTAS EXTERIORES;VENTANA Y PUERTA SANARE;0,00%;DISTRIBUIDORES;2026
PUERTAS INTERIORES;SISTEMA PUERTA TODOVISION;0,00%;DISTRIBUIDORES;2026
PUERTAS INTERIORES;SISTEMA PUERTA PLEGABLE;0,00%;DISTRIBUIDORES;2026
PUERTAS INTERIORES;PLEGABLE;0,00%;DISTRIBUIDORES;2026
PUERTAS INTERIORES;SISTEMA PUERTA TODOVISION SUPERFICIAL;0,00%;DISTRIBUIDORES;2026
PUERTAS INTERIORES;SISTEMA PUERTA MINI EURO PIVOT;0,01%;DISTRIBUIDORES;2026
PUERTAS INTERIORES;SISTEMA PUERTA EURO PIVOT;0,00%;DISTRIBUIDORES;2026
BARANDAS;BARANDA BASTONES A PRESION;0,00%;DISTRIBUIDORES;2026
BARANDAS;BARANDA SEPARADORES;0,00%;DISTRIBUIDORES;2026
BARANDAS;BARANDA INOX;0,00%;DISTRIBUIDORES;2026
BARANDAS;BARANDA ZOCALO;0,00%;DISTRIBUIDORES;2026
BARANDAS;BARANDA BASTONES PERFORACION;0,00%;DISTRIBUIDORES;2026
PUERTAS DE BAÑO;PUERTA DE DUCHA  BATIENTE;0,12%;DISTRIBUIDORES;2026
PUERTAS DE BAÑO;TABIQUE DE BAÑOS MACHIMBRADO;0,00%;DISTRIBUIDORES;2026
PUERTAS DE BAÑO;PUERTA DE BAÑO TEMPLEX;0,05%;DISTRIBUIDORES;2026
PUERTAS DE BAÑO;PUERTA DE BAÑO ACRILICO;0,00%;DISTRIBUIDORES;2026
PUERTAS DE BAÑO;PUERTA DE DUCHA SLIDER TUBO RECTANGULAR;0,00%;DISTRIBUIDORES;2026
PUERTAS DE BAÑO;PUERTA SLIDER TUBO REDONDO;0,00%;DISTRIBUIDORES;2026
PUERTAS DE BAÑO;PUERTA DE DUCHA SLIDER TUBO RECTANGULAR PLUS;0,00%;DISTRIBUIDORES;2026
VIDRIOS;VIDRIO MONOLITICO;2,94%;DISTRIBUIDORES;2026
VIDRIOS;VIDRIO LAMINADO Y ESPECIALES;0,00%;DISTRIBUIDORES;2026
SIL Y SELL;SILICONES Y SELLADORES SIMBI;0,67%;DISTRIBUIDORES;2026
HERRAMIENTAS;HERRAMIENTAS HOTECHE;0,00%;DISTRIBUIDORES;2026
HERRAMIENTAS;HERRAMIENTAS HARDEN;0,00%;DISTRIBUIDORES;2026
HERRAMIENTAS;HERRAMIENTAS;0,00%;DISTRIBUIDORES;2026
IMPULSO;TORNILLOS Y RAMPLUGS;0,00%;DISTRIBUIDORES;2026
IMPULSO;REMACHES;0,00%;DISTRIBUIDORES;2026
IMPULSO;MECHAS Y PUNTAS;0,00%;DISTRIBUIDORES;2026
IMPULSO;SILICONES DE IMPULSO;0,00%;DISTRIBUIDORES;2026
IMPULSO;REGATONES;0,00%;DISTRIBUIDORES;2026
IMPULSO;SPRAY;0,00%;DISTRIBUIDORES;2026
CERRADURAS Y CANDADOS;CERRADURAS Y CANDADO;0,14%;DISTRIBUIDORES;2026
CERRADURAS Y CANDADOS;CERRADURAS Y CANDADO CISA;0,00%;DISTRIBUIDORES;2026
PERSIANAS Y MOSQUITEROS;PERSIANA ROLLER;47,51%;DISTRIBUIDORES;2026
PERSIANAS Y MOSQUITEROS;PERSIANA SHEER;14,74%;DISTRIBUIDORES;2026
PERSIANAS Y MOSQUITEROS;MOSQUITERO ROLLER - MOSQUITERO FIJO;1,55%;DISTRIBUIDORES;2026
PERSIANAS Y MOSQUITEROS;CORTINAS;0,00%;DISTRIBUIDORES;2026
PERSIANAS Y MOSQUITEROS;CORTINAS MOTORIZADAS: TRADICIONAL Y ONDA PERFECTA;0,00%;DISTRIBUIDORES;2026
PERSIANAS Y MOSQUITEROS;TOLDOS;0,00%;DISTRIBUIDORES;2026
LAMINAS;LÁMINAS DE POLICARBONATO;14,28%;DISTRIBUIDORES;2026
LAMINAS;DRYWALL;0,00%;DISTRIBUIDORES;2026
LAMINAS;LAMINAS DE ALUMINIO Y ALUCOBOND;1,06%;DISTRIBUIDORES;2026
LAMINAS;ILUMINACION;0,00%;DISTRIBUIDORES;2026
SERVICIOS;SERVICIO DE CANTO PULIDO;0,00%;DISTRIBUIDORES;2026
SERVICIOS;SERVICIO DE FLETE;1,42%;DISTRIBUIDORES;2026
SERVICIOS;SERVICIO DE CORTE Y MECANIZADO;0,00%;DISTRIBUIDORES;2026
SERVICIOS;CURRIER;0,00%;DISTRIBUIDORES;2026
SERVICIOS;PERFORACIONES DE VIDRIO;0,00%;DISTRIBUIDORES;2026
SERVICIOS;PERFORACIONES;0,00%;DISTRIBUIDORES;2026
PT CON INSTALACION;PT ALUMINIO Y VIDRIO;3,32%;DISTRIBUIDORES;2026
PT CON INSTALACION;PT PERSIANAS;0,69%;DISTRIBUIDORES;2026
PT CON INSTALACION;PT TEMPLADO;0,00%;DISTRIBUIDORES;2026
#N/D;#N/D;0,00%;DISTRIBUIDORES;2026
#N/D;TOLDOS: EXTENSIBLES Y VERTICALES;0,00%;DISTRIBUIDORES;2026
#N/D;GENERAL;0,00%;DISTRIBUIDORES;2026
#N/D;GRANEL;0,00%;DISTRIBUIDORES;2026
#N/D;CONSUMIBLES PARA FABRICACION;0,00%;DISTRIBUIDORES;2026
#N/D;MANTENIMIENTO DE INFRAESTRUCTURA;0,00%;DISTRIBUIDORES;2026
#N/D;PAPELERIA;0,00%;DISTRIBUIDORES;2026
#N/D;TEMPLADO Y MECANIZADO;0,00%;DISTRIBUIDORES;2026
#N/D;ARTILUGIO CONTABLE;0,00%;DISTRIBUIDORES;2026
PAPEL NANO.;PAPEL NANOCERAMICO;0,05%;DISTRIBUIDORES;2026
MUESTRAS Y CATALOGOS;CATALOGOS;0,00%;DISTRIBUIDORES;2026
MUESTRAS Y CATALOGOS;MUESTRAS Y CODOS;0,00%;DISTRIBUIDORES;2026
CARPINTERIA;VITRINA PARA MUEBLES;0,00%;DISTRIBUIDORES;2026
SERVICIOS EXTERNOS;CURRIER;0,00%;DISTRIBUIDORES;2026
